id,first_name,last_name,email,gender,national_id,phone,address,emergency_contact_name,emergency_contact_phone,department,position,employment_type,status,start_date,bank_account_number,bank_name,base_salary,housing_allowance,transport_allowance,meal_subsidy,tax_filing_status,tax_exemptions
1,Ree,Talton,rtalton0@columbia.edu,Female,808-57-0053,160-874-2569,Suite 59,Ree Talton,160-141-6704,Operations,Supervisor,FULL_TIME,ON_LEAVE (10%),8/18/2024,2155191480530039,St. Francis' Credit Union Limited,78705,2308.61,187.1,90.29,HEAD_OF_HOUSEHOLD,2.55
2,Murvyn,Lucks,mlucks1@clickbank.net,Male,684-35-7368,129-271-7486,PO Box 35409,Murvyn Lucks,927-534-7627,Marketing,Manager,PART_TIME,TERMINATED (10%),9/7/2023,7226871778722614,Coop Pank AS,70547,2451.54,402.8,109.24,SINGLE,2.16
3,Kristopher,Elham,kelham2@pcworld.com,Male,171-16-1110,557-632-0281,Apt 1727,Kristopher Elham,428-527-2299,Engineering,Supervisor,FULL_TIME,ON_LEAVE (10%),6/8/2020,2328941768870473,COMERICA BANK,85551,1371.74,243.7,122.62,SINGLE,3.28
4,Marj,Stanney,mstanney3@altervista.org,Female,321-22-2769,775-547-6579,7th Floor,Marj Stanney,877-452-7587,HR,Specialist,PART_TIME,ACTIVE (80%),7/6/2022,6031431108007736,SECURITY BANK,142142,2385.75,268.92,117.47,HEAD_OF_HOUSEHOLD,2.57
5,Fernanda,Radki,fradki4@naver.com,Genderfluid,439-36-0609,564-882-3951,Suite 67,Fernanda Radki,129-234-8353,Marketing,Assistant Manager,FULL_TIME,ON_LEAVE (10%),1/3/2018,0056566159009585,Caisse régionale de crédit agricole mutuel du Nord Est,56878,1275.97,197.18,129.17,SINGLE,1.74
6,Starlene,Stains,sstains5@uiuc.edu,Female,678-14-2944,752-675-0743,Room 1789,Starlene Stains,800-510-7607,Operations,Assistant Manager,CONTRACT,ACTIVE (80%),3/14/2018,6268257160304016,Carrickmacross Credit Union Limited,61090,818.9,229.42,59.72,SINGLE,3.86
7,Andres,Trolley,atrolley6@stumbleupon.com,Male,401-31-9009,118-797-0075,20th Floor,Andres Trolley,500-964-7771,Engineering,Manager,FULL_TIME,TERMINATED (10%),10/18/2023,8918769360610331,CITIZENS BANK,151343,2892.2,392.55,63.0,SINGLE,2.39
8,Arther,Airdrie,aairdrie7@ebay.co.uk,Male,326-50-5888,922-766-4980,PO Box 21222,Arther Airdrie,648-818-0600,Sales,Supervisor,CONTRACT,TERMINATED (10%),7/15/2022,4664523009220497,PNC BANK,88953,1258.63,166.64,134.68,SINGLE,0.9
9,Urbano,Rozenzweig,urozenzweig8@theatlantic.com,Male,628-29-7734,677-623-0177,Room 728,Urbano Rozenzweig,280-795-0210,Marketing,Supervisor,CONTRACT,TERMINATED (10%),12/25/2019,0986836774599914,Epargne crédit des militaires (E.C.M.),114143,1614.11,197.92,147.85,HEAD_OF_HOUSEHOLD,1.85
10,Cross,Varrow,cvarrow9@1und1.de,Male,411-78-9799,402-173-1375,Apt 1968,Cross Varrow,545-910-1150,Marketing,Supervisor,FULL_TIME,TERMINATED (10%),9/28/2019,9508259826765086,CITIBANK,110033,2932.58,482.97,75.54,HEAD_OF_HOUSEHOLD,3.54
11,Lay,Menendes,lmenendesa@pinterest.com,Male,646-24-7626,989-429-3109,Suite 49,Lay Menendes,604-276-5295,Finance,Specialist,CONTRACT,TERMINATED (10%),2/17/2024,5958255354975950,BANK OF INDIA,107401,2837.95,252.83,132.2,HEAD_OF_HOUSEHOLD,3.67
12,Orlando,Cattermull,ocattermullb@craigslist.org,Male,252-71-9640,391-490-9503,Room 293,Orlando Cattermull,195-503-5647,Operations,Analyst,PART_TIME,ON_LEAVE (10%),4/4/2024,4095316564819990,CITIZENS BANK,79538,1649.59,358.29,103.08,SINGLE,3.07
13,Randell,Thor,rthorc@harvard.edu,Male,126-59-7964,686-261-3925,PO Box 8394,Randell Thor,270-686-4967,Engineering,Manager,PART_TIME,ON_LEAVE (10%),12/21/2020,6965060716304964,BCC VENETA - CREDITO COOPERATIVO - SOCIETÀ COOPERATIVA,71541,2573.22,288.91,196.5,MARRIED_FILING_JOINTLY,2.8
14,Blanche,Millan,bmilland@cpanel.net,Female,838-08-4658,398-790-1877,Apt 1439,Blanche Millan,140-437-2016,Sales,Manager,PART_TIME,ACTIVE (80%),4/14/2024,3482278977635616,Sparkasse Wittenberg,91571,894.66,292.16,185.4,MARRIED_FILING_JOINTLY,2.47
15,Clay,Ace,cacee@toplist.cz,Male,869-54-9158,244-611-0337,9th Floor,Clay Ace,661-539-1652,Engineering,Assistant Manager,PART_TIME,TERMINATED (10%),2/26/2024,3511096722818230,Sparkasse LeerWittmund,140659,658.25,426.02,103.88,MARRIED_FILING_JOINTLY,1.63
16,Casi,Youngs,cyoungsf@360.cn,Female,690-41-6668,693-724-7228,Apt 1188,Casi Youngs,390-410-0050,Operations,Specialist,FULL_TIME,TERMINATED (10%),8/9/2019,7728467019565499,Raiffeisenbank MEHR eG Mosel - Eifel - Hunsrück - Region,121285,1089.49,350.63,129.97,SINGLE,1.8
17,Waring,Cobon,wcobong@oakley.com,Male,125-05-2946,361-855-5220,Apt 1883,Waring Cobon,115-733-2434,HR,Team Lead,FULL_TIME,ACTIVE (80%),4/27/2018,0674635136352331,ProCredit Bank AG,151260,1580.38,213.8,174.49,HEAD_OF_HOUSEHOLD,3.42
18,Hermy,Sprason,hsprasonh@amazon.co.uk,Male,400-25-2430,211-340-4042,9th Floor,Hermy Sprason,580-570-8000,Operations,Supervisor,CONTRACT,ACTIVE (80%),8/24/2023,4892905166531847,US BANK,75302,1027.82,492.65,105.37,HEAD_OF_HOUSEHOLD,1.97
19,Hunt,Eastman,heastmani@pbs.org,Male,343-50-5052,244-457-9180,5th Floor,Hunt Eastman,794-698-4003,Operations,Supervisor,PART_TIME,ON_LEAVE (10%),6/27/2021,8944872565453363,MUFG UNION BANK,85484,714.09,465.64,78.25,SINGLE,1.27
20,Bernie,Ledward,bledwardj@shop-pro.jp,Female,424-76-3629,393-218-2561,Suite 46,Bernie Ledward,766-818-6446,Engineering,Analyst,CONTRACT,ON_LEAVE (10%),6/19/2019,5786161010585101,BRD - Groupe Societe Generale S.A.,132822,2423.29,419.44,122.2,SINGLE,0.17
21,Jackson,Bertomier,jbertomierk@meetup.com,Male,718-19-5557,503-372-5233,Room 1329,Jackson Bertomier,335-128-6378,HR,Team Lead,FULL_TIME,ACTIVE (80%),6/10/2019,3657057044065365,NEW YORK COMMUNITY BANK,61600,2689.13,251.48,94.5,SINGLE,2.38
22,Tobey,Brader,tbraderl@vkontakte.ru,Female,341-71-3629,275-406-4827,Apt 1425,Tobey Brader,682-158-7777,Marketing,Manager,CONTRACT,TERMINATED (10%),8/1/2021,8389594373531399,FARMERS & MERCHANTS BANK,37502,1206.84,225.98,108.86,SINGLE,3.85
23,Shellie,Redshaw,sredshawm@sogou.com,Female,549-06-8580,513-471-5981,2nd Floor,Shellie Redshaw,439-861-2888,Engineering,Supervisor,CONTRACT,ON_LEAVE (10%),9/16/2020,3481383891242066,Säästöpankkien Keskuspankki Suomi Oyj,59266,615.21,340.14,76.56,HEAD_OF_HOUSEHOLD,1.52
24,Kessiah,Ungerechts,kungerechtsn@deliciousdays.com,Female,634-13-1827,543-865-1681,Room 1480,Kessiah Ungerechts,648-567-1774,Finance,Supervisor,PART_TIME,ON_LEAVE (10%),11/15/2020,0921580278429224,Compagnie générale de crédit aux particuliers - Crédipar,61010,2746.92,200.97,192.87,MARRIED_FILING_JOINTLY,2.7
25,Xylina,Georgiev,xgeorgievo@1688.com,Female,540-34-2596,285-450-9212,PO Box 71122,Xylina Georgiev,891-185-2268,Operations,Team Lead,FULL_TIME,TERMINATED (10%),12/9/2023,4888262410109071,CAPITAL CITY BANK,67532,986.44,296.32,65.28,HEAD_OF_HOUSEHOLD,1.08
26,Ginnie,Beamont,gbeamontp@blogspot.com,Female,779-10-9969,654-934-8655,Suite 44,Ginnie Beamont,778-935-9677,HR,Assistant Manager,PART_TIME,TERMINATED (10%),3/19/2019,9562752487344609,GLACIER BANK,141823,2868.25,171.58,158.45,MARRIED_FILING_JOINTLY,2.14
27,Marcie,Kyle,mkyleq@noaa.gov,Female,504-30-2234,196-578-2195,Apt 106,Marcie Kyle,491-130-8977,Engineering,Team Lead,PART_TIME,ON_LEAVE (10%),11/4/2022,3294959579603681,BANCA CESARE PONTI S.P.A.,177098,1337.01,258.6,154.08,SINGLE,1.17
28,Hadley,Burchill,hburchillr@paypal.com,Male,786-92-2208,919-100-8985,Apt 518,Hadley Burchill,820-573-0513,Finance,Specialist,CONTRACT,TERMINATED (10%),9/8/2024,6783093616528851,FIRST NATIONAL BANK,74693,2439.3,209.03,167.29,MARRIED_FILING_JOINTLY,3.54
29,Suki,Cosley,scosleys@unicef.org,Female,724-23-3834,780-940-3815,Suite 36,Suki Cosley,486-639-5662,Sales,Specialist,FULL_TIME,ACTIVE (80%),2/13/2024,2120832850980308,BANK OF NEW YORK MELLON,177875,2911.38,395.69,61.88,SINGLE,2.64
30,Pablo,Broschke,pbroschket@php.net,Male,376-96-6884,321-137-4649,16th Floor,Pablo Broschke,219-998-7486,Sales,Assistant Manager,PART_TIME,TERMINATED (10%),10/4/2019,4392451392566923,BANCO BPM SOCIETA' PER AZIONI,86407,930.36,193.86,145.22,HEAD_OF_HOUSEHOLD,0.78
31,Louie,Tanzig,ltanzigu@craigslist.org,Male,486-90-9800,459-573-5555,Suite 69,Louie Tanzig,966-960-4822,Operations,Specialist,CONTRACT,ACTIVE (80%),7/10/2024,3892601644678813,BANCO BPM SOCIETA' PER AZIONI,131478,2180.05,368.21,176.21,HEAD_OF_HOUSEHOLD,1.17
32,Theressa,Fearnley,tfearnleyv@comsenz.com,Female,674-15-2287,630-719-8297,17th Floor,Theressa Fearnley,869-423-9729,Marketing,Team Lead,CONTRACT,ON_LEAVE (10%),3/5/2024,9834593195153116,Core Credit Union Limited,40279,923.33,179.4,68.02,MARRIED_FILING_JOINTLY,0.97
33,Hamish,Hurn,hhurnw@123-reg.co.uk,Agender,567-19-6927,963-898-9941,PO Box 72283,Hamish Hurn,992-323-2350,Marketing,Analyst,FULL_TIME,ACTIVE (80%),8/24/2023,7763844986084952,Quintet Private Bank (Europe) S.A,173878,1968.66,197.12,106.42,SINGLE,3.99
34,Aidan,Glacken,aglackenx@youtu.be,Female,203-88-9927,732-549-3005,Suite 45,Aidan Glacken,425-268-1721,Finance,Team Lead,PART_TIME,TERMINATED (10%),11/14/2024,0946755453451716,Winterbacher Bank eG,46968,2568.28,111.48,52.29,MARRIED_FILING_JOINTLY,3.59
35,Mara,Wedderburn,mwedderburny@addtoany.com,Female,712-14-9163,190-811-8318,Apt 1300,Mara Wedderburn,949-294-5143,Marketing,Assistant Manager,FULL_TIME,ACTIVE (80%),3/15/2021,2513799852317802,BANCO BPM SOCIETA' PER AZIONI,122726,1908.27,383.5,157.08,HEAD_OF_HOUSEHOLD,2.31
36,Junia,Poleye,jpoleyez@ask.com,Female,582-55-4357,639-255-1102,Suite 99,Junia Poleye,365-619-7931,Finance,Supervisor,PART_TIME,ACTIVE (80%),3/13/2023,1698930765218172,VR-Bank Ellwangen eG,66074,2907.0,107.06,127.75,SINGLE,3.24
37,Jordon,Moors,jmoors10@ebay.com,Male,757-29-8146,355-887-8296,Suite 63,Jordon Moors,664-821-9264,Operations,Manager,CONTRACT,ON_LEAVE (10%),3/2/2019,3265241424797169,PNC BANK INC. - BALTIMORE,176698,2753.6,245.56,158.8,MARRIED_FILING_JOINTLY,2.69
38,Amos,Swan,aswan11@miitbeian.gov.cn,Agender,883-11-3032,637-717-9396,Room 511,Amos Swan,584-311-1298,Engineering,Team Lead,PART_TIME,ACTIVE (80%),4/21/2019,9720400897367412,J.P. Morgan SE,53543,730.11,148.1,114.56,HEAD_OF_HOUSEHOLD,1.51
39,Thornie,Batisse,tbatisse12@a8.net,Male,649-56-4642,862-588-9319,PO Box 3906,Thornie Batisse,837-108-1282,Finance,Assistant Manager,CONTRACT,ON_LEAVE (10%),11/19/2022,0013013089961701,PINNACLE BANK,34515,2040.54,172.37,77.65,MARRIED_FILING_JOINTLY,0.95
40,Susan,Cristofanini,scristofanini13@ucoz.ru,Female,608-51-3288,729-957-9697,Apt 1762,Susan Cristofanini,512-685-3935,Finance,Supervisor,CONTRACT,TERMINATED (10%),5/7/2021,0882162482486846,Spar- und Kreditbank Rheinstetten eG,170076,1753.99,134.21,80.72,HEAD_OF_HOUSEHOLD,1.06
41,Linn,Fipp,lfipp14@seesaa.net,Polygender,668-80-1120,209-340-9981,Apt 637,Linn Fipp,314-888-7186,HR,Analyst,CONTRACT,TERMINATED (10%),1/21/2022,2557715703063815,"J&T BANKA, a.s.",111681,2523.61,345.91,107.62,HEAD_OF_HOUSEHOLD,3.42
42,Vanya,Petrecz,vpetrecz15@yale.edu,Male,569-21-8099,620-400-3450,PO Box 77715,Vanya Petrecz,183-493-0403,Marketing,Team Lead,PART_TIME,ACTIVE (80%),5/26/2020,7326016446909254,TRUSTMARK NATIONAL BANK,71633,2656.69,381.96,191.26,MARRIED_FILING_JOINTLY,0.9
43,Tallie,Jeste,tjeste16@columbia.edu,Male,716-20-5776,493-422-7685,Apt 526,Tallie Jeste,493-954-9543,Operations,Team Lead,PART_TIME,ON_LEAVE (10%),6/15/2020,2191134521682955,Raiffeisenbank Region Eferding eGen,87749,2634.31,110.18,97.84,MARRIED_FILING_JOINTLY,3.44
44,Rasla,Prince,rprince17@themeforest.net,Polygender,370-60-6160,436-942-9329,Suite 19,Rasla Prince,237-714-0729,HR,Analyst,FULL_TIME,ON_LEAVE (10%),6/14/2024,9835241145407460,PEOPLES BANK,123428,1682.93,391.68,159.21,SINGLE,2.54
45,Reine,Glennie,rglennie18@flickr.com,Female,498-49-1168,671-346-8437,Suite 52,Reine Glennie,334-350-7256,HR,Assistant Manager,CONTRACT,ACTIVE (80%),3/22/2021,7881686417147477,Sparkasse der Stadt Feldkirch,35271,2753.02,130.77,91.16,HEAD_OF_HOUSEHOLD,3.38
46,Mackenzie,Colton,mcolton19@zimbio.com,Male,116-87-7556,908-733-6559,7th Floor,Mackenzie Colton,660-310-5924,Engineering,Assistant Manager,CONTRACT,TERMINATED (10%),1/11/2023,4136323679646360,CITIBANK,159360,1241.23,212.04,124.87,SINGLE,2.87
47,Adrienne,Mc-Kerley,amckerley1a@dion.ne.jp,Female,641-36-0524,847-229-4157,Room 752,Adrienne Mc-Kerley,660-950-9832,Marketing,Manager,PART_TIME,ACTIVE (80%),9/28/2020,0014931508712778,DEUTSCHE BANK AKTIENGESELLSCHAFT,149396,1893.75,197.81,91.98,MARRIED_FILING_JOINTLY,2.17
48,Benjie,Tomkys,btomkys1b@merriam-webster.com,Male,478-16-3440,398-344-3842,Suite 91,Benjie Tomkys,122-951-8577,Engineering,Supervisor,CONTRACT,ACTIVE (80%),6/16/2023,5123515200657181,Swedbank AB,151529,2964.32,431.58,198.45,SINGLE,1.32
49,Clarance,Rugiero,crugiero1c@slate.com,Male,361-19-9883,670-319-8748,PO Box 52385,Clarance Rugiero,519-915-5317,HR,Team Lead,CONTRACT,ACTIVE (80%),4/30/2018,6500616560294106,"Banco Bilbao Vizcaya Argentaria, S.A.",61365,1971.97,248.63,168.24,MARRIED_FILING_JOINTLY,3.42
50,Nissy,Manders,nmanders1d@google.com.hk,Polygender,680-58-8359,764-980-4558,PO Box 12602,Nissy Manders,698-261-0819,Sales,Manager,PART_TIME,ACTIVE (80%),2/26/2018,0332893369105211,THE PEOPLES BANK,177787,1578.09,223.91,62.32,MARRIED_FILING_JOINTLY,2.44
